Epoch,Episode,Episode_Reward,Avg_Loss,Actor_Loss,Critic_Loss,Entropy_Loss,Avg_Reversal,Crane_Move,Steps_in_Episode
0,64,74.109375,0.4132288781305154,0.012026145581330638,0.4597989326963822,-0.05859620030969381,0.0,150.0,9600
1,64,78.890625,0.4045654816242556,-0.004342538390550506,0.46666204401602346,-0.0577540245722048,0.0,150.0,9600
2,64,75.75,0.4022455664041142,-0.003503967001999323,0.462818202873071,-0.057068669295404106,0.0,150.0,9600
3,64,73.21875,0.397952812568595,-0.004192215159586492,0.459152490987132,-0.057007462853410594,0.0,150.0,9600
4,64,76.6875,0.4000941434254249,-0.006525096016114655,0.4635258885100484,-0.056906648232446365,0.0,150.0,9600
